INSERT INTO
    MY_ROLE(ID,ENUM_ROLE)
VALUES
    ('27c4d4f3-060a-4c4c-8430-6fc0fa138d51','REVIEWER_MANAGER'),
    ('27c4d4f3-060a-4c4c-8430-6fc0fa138d52','REVIEWED_ISA'),
    ('27c4d4f3-060a-4c4c-8430-6fc0fa138d53','REVIEWER'),
    ('27c4d4f3-060a-4c4c-8430-6fc0fa138d54','ADMIN');

-- PASS = "root123"
INSERT INTO
    MY_USER(ID,NAME,SURNAME,EMAIL,EMPLOEE_ID,ENABLED,PASSWORD)
VALUES
    ('123e4567-e89b-42d3-a456-556642422221','root','root','root@root.com','RT1234',true,'$2a$10$mUMtsxupRn1dV9ac0bQnX.SokmKBnRuQAw4qp3uowKL1ITiQ3isU2'),
    ('123e4567-e89b-42d3-a456-556642422222','Miller','Rameau','mrameau0@elegantthemes.com','MR0001',true,'$2a$10$mUMtsxupRn1dV9ac0bQnX.SokmKBnRuQAw4qp3uowKL1ITiQ3isU2'),
    ('123e4567-e89b-42d3-a456-556642422223','Frazer','Hugland','fhugland1@myspace.com','FH0001',true,'$2a$10$mUMtsxupRn1dV9ac0bQnX.SokmKBnRuQAw4qp3uowKL1ITiQ3isU2'),
    ('123e4567-e89b-42d3-a456-556642422224','Jenica','Shawl','jshawl2@illinois.edu','JS0001',true,'$2a$10$mUMtsxupRn1dV9ac0bQnX.SokmKBnRuQAw4qp3uowKL1ITiQ3isU2'),
    ('123e4567-e89b-42d3-a456-556642422225','Laurene','Follit','lfollit3@cmu.edu','LF0001',true,'$2a$10$mUMtsxupRn1dV9ac0bQnX.SokmKBnRuQAw4qp3uowKL1ITiQ3isU2'),
    ('123e4567-e89b-42d3-a456-556642422226','Jaquith','Abramcik','jabramcik4@dagondesign.com','JA0001',true,'$2a$10$mUMtsxupRn1dV9ac0bQnX.SokmKBnRuQAw4qp3uowKL1ITiQ3isU2'),
    ('123e4567-e89b-42d3-a456-556642430001','Kevyn','Snead','ksnead5@dropbox.com','KS0001',true,'$2a$10$mUMtsxupRn1dV9ac0bQnX.SokmKBnRuQAw4qp3uowKL1ITiQ3isU2'),
    ('123e4567-e89b-42d3-a456-556642430002','Ganny','Phlipon','gphlipon6@thetimes.co.uk','GP0001',true,'$2a$10$mUMtsxupRn1dV9ac0bQnX.SokmKBnRuQAw4qp3uowKL1ITiQ3isU2'),
    ('123e4567-e89b-42d3-a456-556642430003','Lil','Livsey','llivsey7@istockphoto.com','LL0001',true,'$2a$10$mUMtsxupRn1dV9ac0bQnX.SokmKBnRuQAw4qp3uowKL1ITiQ3isU2'),
    ('123e4567-e89b-42d3-a456-556642430004','Granny','Mixture','gmixture8@skype.com','GM0001',true,'$2a$10$mUMtsxupRn1dV9ac0bQnX.SokmKBnRuQAw4qp3uowKL1ITiQ3isU2'),
    ('123e4567-e89b-42d3-a456-556642430005','Tallie','Cosely','tcosely9@cnn.com','TC0001',true,'$2a$10$mUMtsxupRn1dV9ac0bQnX.SokmKBnRuQAw4qp3uowKL1ITiQ3isU2'),
    ('123e4567-e89b-42d3-a456-556642430006','Nick','Scarsbrooke','nscarsbrookea@google.es','NS0001',true,'$2a$10$mUMtsxupRn1dV9ac0bQnX.SokmKBnRuQAw4qp3uowKL1ITiQ3isU2'),
    ('123e4567-e89b-42d3-a456-556642430007','Chery','Charteris','ccharterisb@java.com','CC0001',true,'$2a$10$mUMtsxupRn1dV9ac0bQnX.SokmKBnRuQAw4qp3uowKL1ITiQ3isU2'),
    ('123e4567-e89b-42d3-a456-556642430008','Pollyanna','Filyashin','pfilyashinc@salon.com','PF0001',true,'$2a$10$mUMtsxupRn1dV9ac0bQnX.SokmKBnRuQAw4qp3uowKL1ITiQ3isU2'),
    ('123e4567-e89b-42d3-a456-556642430009','Ollie','Glauber','oglauberd@rakuten.co.jp','OG0001',true,'$2a$10$mUMtsxupRn1dV9ac0bQnX.SokmKBnRuQAw4qp3uowKL1ITiQ3isU2'),
    ('123e4567-e89b-42d3-a456-556642430010','Bunny','Causon','bcausone@elegantthemes.com','BC0001',true,'$2a$10$mUMtsxupRn1dV9ac0bQnX.SokmKBnRuQAw4qp3uowKL1ITiQ3isU2'),
    ('123e4567-e89b-42d3-a456-556642430011','Artair','Elcome','aelcomef@chicagotribune.com','AE0001',true,'$2a$10$mUMtsxupRn1dV9ac0bQnX.SokmKBnRuQAw4qp3uowKL1ITiQ3isU2'),
    ('123e4567-e89b-42d3-a456-556642430012','Genni','Bydaway','gbydawayg@spiegel.de','GB0001',true,'$2a$10$mUMtsxupRn1dV9ac0bQnX.SokmKBnRuQAw4qp3uowKL1ITiQ3isU2'),
    ('123e4567-e89b-42d3-a456-556642430013','Cynthie','Burgen','cburgenh@netscape.com','CB0001',true,'$2a$10$mUMtsxupRn1dV9ac0bQnX.SokmKBnRuQAw4qp3uowKL1ITiQ3isU2'),
    ('123e4567-e89b-42d3-a456-556642430014','Leo','Joburn','ljoburni@networksolutions.com','LJ0001',true,'$2a$10$mUMtsxupRn1dV9ac0bQnX.SokmKBnRuQAw4qp3uowKL1ITiQ3isU2'),
    ('123e4567-e89b-42d3-a456-556642430015','Nessi','Hardeman','nhardemanj@furl.net','NH0001',true,'$2a$10$mUMtsxupRn1dV9ac0bQnX.SokmKBnRuQAw4qp3uowKL1ITiQ3isU2'),
    ('123e4567-e89b-42d3-a456-556642430016','Genny','Parriss','gparrissk@si.edu','GP0002',true,'$2a$10$mUMtsxupRn1dV9ac0bQnX.SokmKBnRuQAw4qp3uowKL1ITiQ3isU2'),
    ('123e4567-e89b-42d3-a456-556642430017','Griffie','Wimsett','gwimsettl@sfgate.com','GW0001',true,'$2a$10$mUMtsxupRn1dV9ac0bQnX.SokmKBnRuQAw4qp3uowKL1ITiQ3isU2'),
    ('123e4567-e89b-42d3-a456-556642430018','Candide','Condon','ccondonm@slashdot.org','CC0002',true,'$2a$10$mUMtsxupRn1dV9ac0bQnX.SokmKBnRuQAw4qp3uowKL1ITiQ3isU2'),
    ('123e4567-e89b-42d3-a456-556642430019','Haroun','Tesh','hteshn@mayoclinic.com','HT0001',true,'$2a$10$mUMtsxupRn1dV9ac0bQnX.SokmKBnRuQAw4qp3uowKL1ITiQ3isU2'),
    ('123e4567-e89b-42d3-a456-556642430020','Tabby','Wainscoat','twainscoato@unc.edu','TW0001',true,'$2a$10$mUMtsxupRn1dV9ac0bQnX.SokmKBnRuQAw4qp3uowKL1ITiQ3isU2'),
    ('123e4567-e89b-42d3-a456-556642430021','Marika','Island','mislandp@biblegateway.com','MI0001',true,'$2a$10$mUMtsxupRn1dV9ac0bQnX.SokmKBnRuQAw4qp3uowKL1ITiQ3isU2'),
    ('123e4567-e89b-42d3-a456-556642430022','Dom','McCuthais','dmccuthaisq@ask.com','DM0001',true,'$2a$10$mUMtsxupRn1dV9ac0bQnX.SokmKBnRuQAw4qp3uowKL1ITiQ3isU2'),
    ('123e4567-e89b-42d3-a456-556642430023','Cullin','Ourry','courryr@berkeley.edu','CO0001',true,'$2a$10$mUMtsxupRn1dV9ac0bQnX.SokmKBnRuQAw4qp3uowKL1ITiQ3isU2'),
    ('123e4567-e89b-42d3-a456-556642430024','Arlee','Paolino','apaolinos@com.com','AP0001',true,'$2a$10$mUMtsxupRn1dV9ac0bQnX.SokmKBnRuQAw4qp3uowKL1ITiQ3isU2'),
    ('123e4567-e89b-42d3-a456-556642430025','Durante','Frend','dfrendt@skyrock.com','DF0001',true,'$2a$10$mUMtsxupRn1dV9ac0bQnX.SokmKBnRuQAw4qp3uowKL1ITiQ3isU2'),
    ('123e4567-e89b-42d3-a456-556642430026','Laraine','Richfield','lrichfieldu@businessinsider.com','LR0001',true,'$2a$10$mUMtsxupRn1dV9ac0bQnX.SokmKBnRuQAw4qp3uowKL1ITiQ3isU2'),
    ('123e4567-e89b-42d3-a456-556642430027','Garret','Cauley','gcauleyv@posterous.com','GC0001',true,'$2a$10$mUMtsxupRn1dV9ac0bQnX.SokmKBnRuQAw4qp3uowKL1ITiQ3isU2'),
    ('123e4567-e89b-42d3-a456-556642430028','Ellis','Baddeley','ebaddeleyw@netlog.com','EB0001',true,'$2a$10$mUMtsxupRn1dV9ac0bQnX.SokmKBnRuQAw4qp3uowKL1ITiQ3isU2'),
    ('123e4567-e89b-42d3-a456-556642430029','Lelia','Rimmington','lrimmingtonx@google.com','LR0002',true,'$2a$10$mUMtsxupRn1dV9ac0bQnX.SokmKBnRuQAw4qp3uowKL1ITiQ3isU2'),
    ('123e4567-e89b-42d3-a456-556642430030','Charo','Ethridge','cethridgey@edublogs.org','CE0001',true,'$2a$10$mUMtsxupRn1dV9ac0bQnX.SokmKBnRuQAw4qp3uowKL1ITiQ3isU2'),
    ('123e4567-e89b-42d3-a456-556642430031','Lita','Withull','lwithullz@umn.edu','LW0001',true,'$2a$10$mUMtsxupRn1dV9ac0bQnX.SokmKBnRuQAw4qp3uowKL1ITiQ3isU2');

INSERT INTO
    USER_ROLES(USER_ID,ROLE_ID)
VALUES
    ('123e4567-e89b-42d3-a456-556642422221','27c4d4f3-060a-4c4c-8430-6fc0fa138d51'),
    ('123e4567-e89b-42d3-a456-556642422221','27c4d4f3-060a-4c4c-8430-6fc0fa138d52'),
    ('123e4567-e89b-42d3-a456-556642422221','27c4d4f3-060a-4c4c-8430-6fc0fa138d53'),
    ('123e4567-e89b-42d3-a456-556642422221','27c4d4f3-060a-4c4c-8430-6fc0fa138d54'),
    ('123e4567-e89b-42d3-a456-556642422222','27c4d4f3-060a-4c4c-8430-6fc0fa138d52'),
    ('123e4567-e89b-42d3-a456-556642422223','27c4d4f3-060a-4c4c-8430-6fc0fa138d52'),
    ('123e4567-e89b-42d3-a456-556642422224','27c4d4f3-060a-4c4c-8430-6fc0fa138d52'),
    ('123e4567-e89b-42d3-a456-556642422225','27c4d4f3-060a-4c4c-8430-6fc0fa138d53'),
    ('123e4567-e89b-42d3-a456-556642422226','27c4d4f3-060a-4c4c-8430-6fc0fa138d53'),
    ('123e4567-e89b-42d3-a456-556642430001','27c4d4f3-060a-4c4c-8430-6fc0fa138d51');

INSERT INTO
    APPLICATION(ID,INVENTORY_NO,NAME,CRITICAL_FUNCTION, FINANCIAL_OPERATION, PII_DATA, SME_EMPLOYEE, SUPPORT_CONTACT_GROUP)
VALUES
    ('123e4567-e89b-42d3-a456-556642410001',100001,'BankingApplication',true,true,true,'Pracownik_SME1','supportGroup@BankingApplication.com'),
    ('123e4567-e89b-42d3-a456-556642410002',100002,'HRApplication',false,false,true,'Pracownik_SME2','supportGroup@HRApplication.com'),
    ('123e4567-e89b-42d3-a456-556642410003',100003,'QAApplication',false,true,false,'Pracownik_SME3','supportGroup@QAApplication.com');

INSERT INTO
    APPLICATION_ROLE(ID, ROLE_NAME,APPLICATION_ID)
VALUES
    ('123e4567-e89b-42d3-a456-556642420001','customer service','123e4567-e89b-42d3-a456-556642410001'),
    ('123e4567-e89b-42d3-a456-556642420002','branch manager','123e4567-e89b-42d3-a456-556642410001'),
    ('123e4567-e89b-42d3-a456-556642420003','system admin','123e4567-e89b-42d3-a456-556642410001'),
    ('123e4567-e89b-42d3-a456-556642420004','treasury specialist','123e4567-e89b-42d3-a456-556642410001'),
    ('123e4567-e89b-42d3-a456-556642420005','recruiter','123e4567-e89b-42d3-a456-556642410002'),
    ('123e4567-e89b-42d3-a456-556642420006','clerk','123e4567-e89b-42d3-a456-556642410002'),
    ('123e4567-e89b-42d3-a456-556642420007','tester','123e4567-e89b-42d3-a456-556642410003'),
    ('123e4567-e89b-42d3-a456-556642420008','system admin','123e4567-e89b-42d3-a456-556642410003');
INSERT INTO
PERMISSIONS_CHANGE(ID,EVENT_DATE,APPLICATION_ID,APPLICATION_ROLE_ID,INFORMATION_SECURITY_ADMINISTRATOR_ID,SUBJECT_USER_ID,ADDITIONAL_DETAILS)
VALUES
('123e4567-e89b-42d3-a456-556642440001',{ts '2022-10-18 0:00:03.000'},'123e4567-e89b-42d3-a456-556642410001','123e4567-e89b-42d3-a456-556642420001','123e4567-e89b-42d3-a456-556642422222','123e4567-e89b-42d3-a456-556642430002','role added'),
('123e4567-e89b-42d3-a456-556642440002',{ts '2022-08-23 14:44:20.000'},'123e4567-e89b-42d3-a456-556642410001','123e4567-e89b-42d3-a456-556642420001','123e4567-e89b-42d3-a456-556642422223','123e4567-e89b-42d3-a456-556642430003','role added'),
('123e4567-e89b-42d3-a456-556642440003',{ts '2022-08-01 11:38:06.000'},'123e4567-e89b-42d3-a456-556642410001','123e4567-e89b-42d3-a456-556642420001','123e4567-e89b-42d3-a456-556642422224','123e4567-e89b-42d3-a456-556642430004','role added'),
('123e4567-e89b-42d3-a456-556642440004',{ts '2022-09-11 10:15:19.000'},'123e4567-e89b-42d3-a456-556642410001','123e4567-e89b-42d3-a456-556642420001','123e4567-e89b-42d3-a456-556642422222','123e4567-e89b-42d3-a456-556642430005','role added'),
('123e4567-e89b-42d3-a456-556642440005',{ts '2022-09-10 2:35:41.000'},'123e4567-e89b-42d3-a456-556642410001','123e4567-e89b-42d3-a456-556642420001','123e4567-e89b-42d3-a456-556642422223','123e4567-e89b-42d3-a456-556642430006','role added'),
('123e4567-e89b-42d3-a456-556642440006',{ts '2022-09-27 3:01:05.000'},'123e4567-e89b-42d3-a456-556642410001','123e4567-e89b-42d3-a456-556642420001','123e4567-e89b-42d3-a456-556642422224','123e4567-e89b-42d3-a456-556642430007','role added'),
('123e4567-e89b-42d3-a456-556642440007',{ts '2022-10-06 8:47:23.000'},'123e4567-e89b-42d3-a456-556642410001','123e4567-e89b-42d3-a456-556642420001','123e4567-e89b-42d3-a456-556642422222','123e4567-e89b-42d3-a456-556642430008','role added'),
('123e4567-e89b-42d3-a456-556642440008',{ts '2022-11-02 23:16:22.000'},'123e4567-e89b-42d3-a456-556642410001','123e4567-e89b-42d3-a456-556642420001','123e4567-e89b-42d3-a456-556642422223','123e4567-e89b-42d3-a456-556642430009','role added'),
('123e4567-e89b-42d3-a456-556642440009',{ts '2022-11-16 17:41:09.000'},'123e4567-e89b-42d3-a456-556642410001','123e4567-e89b-42d3-a456-556642420001','123e4567-e89b-42d3-a456-556642422224','123e4567-e89b-42d3-a456-556642430010','role added'),
('123e4567-e89b-42d3-a456-556642440010',{ts '2022-11-26 11:00:34.000'},'123e4567-e89b-42d3-a456-556642410001','123e4567-e89b-42d3-a456-556642420001','123e4567-e89b-42d3-a456-556642422222','123e4567-e89b-42d3-a456-556642430011','role added'),
('123e4567-e89b-42d3-a456-556642440011',{ts '2022-08-09 11:01:32.000'},'123e4567-e89b-42d3-a456-556642410001','123e4567-e89b-42d3-a456-556642420001','123e4567-e89b-42d3-a456-556642422223','123e4567-e89b-42d3-a456-556642430012','role added'),
('123e4567-e89b-42d3-a456-556642440012',{ts '2022-10-23 22:59:04.000'},'123e4567-e89b-42d3-a456-556642410001','123e4567-e89b-42d3-a456-556642420001','123e4567-e89b-42d3-a456-556642422224','123e4567-e89b-42d3-a456-556642430013','role added'),
('123e4567-e89b-42d3-a456-556642440013',{ts '2022-09-09 22:56:28.000'},'123e4567-e89b-42d3-a456-556642410001','123e4567-e89b-42d3-a456-556642420001','123e4567-e89b-42d3-a456-556642422222','123e4567-e89b-42d3-a456-556642430014','role added'),
('123e4567-e89b-42d3-a456-556642440014',{ts '2022-08-02 19:17:37.000'},'123e4567-e89b-42d3-a456-556642410001','123e4567-e89b-42d3-a456-556642420001','123e4567-e89b-42d3-a456-556642422223','123e4567-e89b-42d3-a456-556642430015','role added'),
('123e4567-e89b-42d3-a456-556642440015',{ts '2022-09-05 20:46:11.000'},'123e4567-e89b-42d3-a456-556642410001','123e4567-e89b-42d3-a456-556642420001','123e4567-e89b-42d3-a456-556642422224','123e4567-e89b-42d3-a456-556642430016','role added'),
('123e4567-e89b-42d3-a456-556642440016',{ts '2022-11-22 7:48:48.000'},'123e4567-e89b-42d3-a456-556642410001','123e4567-e89b-42d3-a456-556642420002','123e4567-e89b-42d3-a456-556642422222','123e4567-e89b-42d3-a456-556642430017','role added'),
('123e4567-e89b-42d3-a456-556642440017',{ts '2022-08-04 14:16:37.000'},'123e4567-e89b-42d3-a456-556642410001','123e4567-e89b-42d3-a456-556642420002','123e4567-e89b-42d3-a456-556642422223','123e4567-e89b-42d3-a456-556642430018','role added'),
('123e4567-e89b-42d3-a456-556642440018',{ts '2022-09-30 15:34:25.000'},'123e4567-e89b-42d3-a456-556642410001','123e4567-e89b-42d3-a456-556642420002','123e4567-e89b-42d3-a456-556642422224','123e4567-e89b-42d3-a456-556642430019','role added'),
('123e4567-e89b-42d3-a456-556642440019',{ts '2022-08-04 20:12:58.000'},'123e4567-e89b-42d3-a456-556642410001','123e4567-e89b-42d3-a456-556642420004','123e4567-e89b-42d3-a456-556642422222','123e4567-e89b-42d3-a456-556642430020','role added'),
('123e4567-e89b-42d3-a456-556642440020',{ts '2022-11-06 0:56:10.000'},'123e4567-e89b-42d3-a456-556642410001','123e4567-e89b-42d3-a456-556642420004','123e4567-e89b-42d3-a456-556642422223','123e4567-e89b-42d3-a456-556642430021','role added'),
('123e4567-e89b-42d3-a456-556642440021',{ts '2022-09-20 21:41:12.000'},'123e4567-e89b-42d3-a456-556642410001','123e4567-e89b-42d3-a456-556642420004','123e4567-e89b-42d3-a456-556642422224','123e4567-e89b-42d3-a456-556642430022','role added'),
('123e4567-e89b-42d3-a456-556642440022',{ts '2022-08-14 4:23:03.000'},'123e4567-e89b-42d3-a456-556642410001','123e4567-e89b-42d3-a456-556642420004','123e4567-e89b-42d3-a456-556642422222','123e4567-e89b-42d3-a456-556642430023','role added'),
('123e4567-e89b-42d3-a456-556642440023',{ts '2022-09-23 15:44:11.000'},'123e4567-e89b-42d3-a456-556642410001','123e4567-e89b-42d3-a456-556642420003','123e4567-e89b-42d3-a456-556642422223','123e4567-e89b-42d3-a456-556642430024','role added'),
('123e4567-e89b-42d3-a456-556642440024',{ts '2022-09-03 1:07:52.000'},'123e4567-e89b-42d3-a456-556642410001','123e4567-e89b-42d3-a456-556642420003','123e4567-e89b-42d3-a456-556642422224','123e4567-e89b-42d3-a456-556642430025','role added'),
('123e4567-e89b-42d3-a456-556642440025',{ts '2022-09-29 3:28:18.000'},'123e4567-e89b-42d3-a456-556642410002','123e4567-e89b-42d3-a456-556642420005','123e4567-e89b-42d3-a456-556642422222','123e4567-e89b-42d3-a456-556642430026','role added'),
('123e4567-e89b-42d3-a456-556642440026',{ts '2022-09-09 15:23:40.000'},'123e4567-e89b-42d3-a456-556642410002','123e4567-e89b-42d3-a456-556642420005','123e4567-e89b-42d3-a456-556642422223','123e4567-e89b-42d3-a456-556642430027','role added'),
('123e4567-e89b-42d3-a456-556642440027',{ts '2022-11-04 19:39:36.000'},'123e4567-e89b-42d3-a456-556642410002','123e4567-e89b-42d3-a456-556642420005','123e4567-e89b-42d3-a456-556642422224','123e4567-e89b-42d3-a456-556642430028','role added'),
('123e4567-e89b-42d3-a456-556642440028',{ts '2022-11-19 5:26:32.000'},'123e4567-e89b-42d3-a456-556642410002','123e4567-e89b-42d3-a456-556642420005','123e4567-e89b-42d3-a456-556642422222','123e4567-e89b-42d3-a456-556642430029','role added'),
('123e4567-e89b-42d3-a456-556642440029',{ts '2022-09-21 7:28:08.000'},'123e4567-e89b-42d3-a456-556642410002','123e4567-e89b-42d3-a456-556642420005','123e4567-e89b-42d3-a456-556642422223','123e4567-e89b-42d3-a456-556642430030','role added'),
('123e4567-e89b-42d3-a456-556642440030',{ts '2022-10-26 16:16:25.000'},'123e4567-e89b-42d3-a456-556642410002','123e4567-e89b-42d3-a456-556642420005','123e4567-e89b-42d3-a456-556642422224','123e4567-e89b-42d3-a456-556642430031','role added'),
('123e4567-e89b-42d3-a456-556642440031',{ts '2022-10-04 15:24:53.000'},'123e4567-e89b-42d3-a456-556642410002','123e4567-e89b-42d3-a456-556642420005','123e4567-e89b-42d3-a456-556642422222','123e4567-e89b-42d3-a456-556642430002','role added'),
('123e4567-e89b-42d3-a456-556642440032',{ts '2022-08-06 9:58:39.000'},'123e4567-e89b-42d3-a456-556642410002','123e4567-e89b-42d3-a456-556642420005','123e4567-e89b-42d3-a456-556642422223','123e4567-e89b-42d3-a456-556642430003','role added'),
('123e4567-e89b-42d3-a456-556642440033',{ts '2022-08-18 20:19:10.000'},'123e4567-e89b-42d3-a456-556642410002','123e4567-e89b-42d3-a456-556642420005','123e4567-e89b-42d3-a456-556642422224','123e4567-e89b-42d3-a456-556642430004','role added'),
('123e4567-e89b-42d3-a456-556642440034',{ts '2022-08-18 18:07:13.000'},'123e4567-e89b-42d3-a456-556642410002','123e4567-e89b-42d3-a456-556642420005','123e4567-e89b-42d3-a456-556642422222','123e4567-e89b-42d3-a456-556642430005','role added'),
('123e4567-e89b-42d3-a456-556642440035',{ts '2022-08-11 6:24:34.000'},'123e4567-e89b-42d3-a456-556642410002','123e4567-e89b-42d3-a456-556642420005','123e4567-e89b-42d3-a456-556642422223','123e4567-e89b-42d3-a456-556642430006','role added'),
('123e4567-e89b-42d3-a456-556642440036',{ts '2022-11-14 12:25:24.000'},'123e4567-e89b-42d3-a456-556642410002','123e4567-e89b-42d3-a456-556642420005','123e4567-e89b-42d3-a456-556642422224','123e4567-e89b-42d3-a456-556642430007','role added'),
('123e4567-e89b-42d3-a456-556642440037',{ts '2022-10-17 6:17:07.000'},'123e4567-e89b-42d3-a456-556642410002','123e4567-e89b-42d3-a456-556642420005','123e4567-e89b-42d3-a456-556642422222','123e4567-e89b-42d3-a456-556642430008','role added'),
('123e4567-e89b-42d3-a456-556642440038',{ts '2022-10-03 23:35:58.000'},'123e4567-e89b-42d3-a456-556642410002','123e4567-e89b-42d3-a456-556642420005','123e4567-e89b-42d3-a456-556642422223','123e4567-e89b-42d3-a456-556642430009','role added'),
('123e4567-e89b-42d3-a456-556642440039',{ts '2022-09-30 4:22:10.000'},'123e4567-e89b-42d3-a456-556642410002','123e4567-e89b-42d3-a456-556642420006','123e4567-e89b-42d3-a456-556642422224','123e4567-e89b-42d3-a456-556642430010','role added'),
('123e4567-e89b-42d3-a456-556642440040',{ts '2022-11-02 14:21:59.000'},'123e4567-e89b-42d3-a456-556642410002','123e4567-e89b-42d3-a456-556642420006','123e4567-e89b-42d3-a456-556642422222','123e4567-e89b-42d3-a456-556642430011','role added'),
('123e4567-e89b-42d3-a456-556642440041',{ts '2022-11-10 6:35:25.000'},'123e4567-e89b-42d3-a456-556642410002','123e4567-e89b-42d3-a456-556642420006','123e4567-e89b-42d3-a456-556642422223','123e4567-e89b-42d3-a456-556642430012','role added'),
('123e4567-e89b-42d3-a456-556642440042',{ts '2022-10-24 6:29:51.000'},'123e4567-e89b-42d3-a456-556642410002','123e4567-e89b-42d3-a456-556642420006','123e4567-e89b-42d3-a456-556642422224','123e4567-e89b-42d3-a456-556642430013','role added'),
('123e4567-e89b-42d3-a456-556642440043',{ts '2022-10-03 16:41:20.000'},'123e4567-e89b-42d3-a456-556642410002','123e4567-e89b-42d3-a456-556642420006','123e4567-e89b-42d3-a456-556642422222','123e4567-e89b-42d3-a456-556642430014','role added'),
('123e4567-e89b-42d3-a456-556642440044',{ts '2022-11-03 11:04:05.000'},'123e4567-e89b-42d3-a456-556642410002','123e4567-e89b-42d3-a456-556642420006','123e4567-e89b-42d3-a456-556642422223','123e4567-e89b-42d3-a456-556642430015','role added'),
('123e4567-e89b-42d3-a456-556642440045',{ts '2022-08-19 4:49:30.000'},'123e4567-e89b-42d3-a456-556642410002','123e4567-e89b-42d3-a456-556642420006','123e4567-e89b-42d3-a456-556642422224','123e4567-e89b-42d3-a456-556642430016','role added'),
('123e4567-e89b-42d3-a456-556642440046',{ts '2022-09-29 0:41:27.000'},'123e4567-e89b-42d3-a456-556642410002','123e4567-e89b-42d3-a456-556642420006','123e4567-e89b-42d3-a456-556642422222','123e4567-e89b-42d3-a456-556642430017','role added'),
('123e4567-e89b-42d3-a456-556642440047',{ts '2022-09-11 7:21:38.000'},'123e4567-e89b-42d3-a456-556642410002','123e4567-e89b-42d3-a456-556642420006','123e4567-e89b-42d3-a456-556642422223','123e4567-e89b-42d3-a456-556642430018','role added'),
('123e4567-e89b-42d3-a456-556642440048',{ts '2022-11-04 13:02:44.000'},'123e4567-e89b-42d3-a456-556642410002','123e4567-e89b-42d3-a456-556642420006','123e4567-e89b-42d3-a456-556642422224','123e4567-e89b-42d3-a456-556642430019','role added'),
('123e4567-e89b-42d3-a456-556642440049',{ts '2022-10-04 18:51:17.000'},'123e4567-e89b-42d3-a456-556642410002','123e4567-e89b-42d3-a456-556642420006','123e4567-e89b-42d3-a456-556642422222','123e4567-e89b-42d3-a456-556642430020','role added'),
('123e4567-e89b-42d3-a456-556642440050',{ts '2022-09-15 1:57:47.000'},'123e4567-e89b-42d3-a456-556642410002','123e4567-e89b-42d3-a456-556642420006','123e4567-e89b-42d3-a456-556642422223','123e4567-e89b-42d3-a456-556642430021','role added'),
('123e4567-e89b-42d3-a456-556642440051',{ts '2022-08-16 3:14:40.000'},'123e4567-e89b-42d3-a456-556642410002','123e4567-e89b-42d3-a456-556642420006','123e4567-e89b-42d3-a456-556642422224','123e4567-e89b-42d3-a456-556642430022','role added'),
('123e4567-e89b-42d3-a456-556642440052',{ts '2022-10-28 6:21:22.000'},'123e4567-e89b-42d3-a456-556642410002','123e4567-e89b-42d3-a456-556642420006','123e4567-e89b-42d3-a456-556642422222','123e4567-e89b-42d3-a456-556642430023','role added'),
('123e4567-e89b-42d3-a456-556642440053',{ts '2022-08-12 9:28:13.000'},'123e4567-e89b-42d3-a456-556642410003','123e4567-e89b-42d3-a456-556642420007','123e4567-e89b-42d3-a456-556642422223','123e4567-e89b-42d3-a456-556642430024','role added'),
('123e4567-e89b-42d3-a456-556642440054',{ts '2022-08-18 13:45:59.000'},'123e4567-e89b-42d3-a456-556642410003','123e4567-e89b-42d3-a456-556642420007','123e4567-e89b-42d3-a456-556642422224','123e4567-e89b-42d3-a456-556642430025','role added'),
('123e4567-e89b-42d3-a456-556642440055',{ts '2022-11-01 15:05:10.000'},'123e4567-e89b-42d3-a456-556642410003','123e4567-e89b-42d3-a456-556642420007','123e4567-e89b-42d3-a456-556642422222','123e4567-e89b-42d3-a456-556642430026','role added'),
('123e4567-e89b-42d3-a456-556642440056',{ts '2022-11-14 13:00:09.000'},'123e4567-e89b-42d3-a456-556642410003','123e4567-e89b-42d3-a456-556642420007','123e4567-e89b-42d3-a456-556642422223','123e4567-e89b-42d3-a456-556642430027','role added'),
('123e4567-e89b-42d3-a456-556642440057',{ts '2022-10-24 7:34:47.000'},'123e4567-e89b-42d3-a456-556642410003','123e4567-e89b-42d3-a456-556642420007','123e4567-e89b-42d3-a456-556642422224','123e4567-e89b-42d3-a456-556642430028','role added'),
('123e4567-e89b-42d3-a456-556642440058',{ts '2022-09-09 7:02:20.000'},'123e4567-e89b-42d3-a456-556642410003','123e4567-e89b-42d3-a456-556642420007','123e4567-e89b-42d3-a456-556642422222','123e4567-e89b-42d3-a456-556642430029','role added'),
('123e4567-e89b-42d3-a456-556642440059',{ts '2022-10-22 16:32:41.000'},'123e4567-e89b-42d3-a456-556642410003','123e4567-e89b-42d3-a456-556642420007','123e4567-e89b-42d3-a456-556642422223','123e4567-e89b-42d3-a456-556642430030','role added'),
('123e4567-e89b-42d3-a456-556642440060',{ts '2022-11-04 0:26:40.000'},'123e4567-e89b-42d3-a456-556642410003','123e4567-e89b-42d3-a456-556642420007','123e4567-e89b-42d3-a456-556642422224','123e4567-e89b-42d3-a456-556642430031','role added'),
('123e4567-e89b-42d3-a456-556642440061',{ts '2022-09-09 14:24:53.000'},'123e4567-e89b-42d3-a456-556642410003','123e4567-e89b-42d3-a456-556642420007','123e4567-e89b-42d3-a456-556642422222','123e4567-e89b-42d3-a456-556642430002','role added'),
('123e4567-e89b-42d3-a456-556642440062',{ts '2022-11-26 1:20:35.000'},'123e4567-e89b-42d3-a456-556642410003','123e4567-e89b-42d3-a456-556642420007','123e4567-e89b-42d3-a456-556642422223','123e4567-e89b-42d3-a456-556642430003','role added'),
('123e4567-e89b-42d3-a456-556642440063',{ts '2022-08-20 0:43:14.000'},'123e4567-e89b-42d3-a456-556642410003','123e4567-e89b-42d3-a456-556642420007','123e4567-e89b-42d3-a456-556642422224','123e4567-e89b-42d3-a456-556642430004','role added'),
('123e4567-e89b-42d3-a456-556642440064',{ts '2022-08-26 10:07:55.000'},'123e4567-e89b-42d3-a456-556642410003','123e4567-e89b-42d3-a456-556642420007','123e4567-e89b-42d3-a456-556642422222','123e4567-e89b-42d3-a456-556642430005','role added'),
('123e4567-e89b-42d3-a456-556642440065',{ts '2022-08-22 17:53:55.000'},'123e4567-e89b-42d3-a456-556642410003','123e4567-e89b-42d3-a456-556642420007','123e4567-e89b-42d3-a456-556642422223','123e4567-e89b-42d3-a456-556642430006','role added'),
('123e4567-e89b-42d3-a456-556642440066',{ts '2022-09-30 6:17:25.000'},'123e4567-e89b-42d3-a456-556642410003','123e4567-e89b-42d3-a456-556642420007','123e4567-e89b-42d3-a456-556642422224','123e4567-e89b-42d3-a456-556642430007','role added'),
('123e4567-e89b-42d3-a456-556642440067',{ts '2022-10-29 4:59:07.000'},'123e4567-e89b-42d3-a456-556642410003','123e4567-e89b-42d3-a456-556642420007','123e4567-e89b-42d3-a456-556642422222','123e4567-e89b-42d3-a456-556642430008','role added'),
('123e4567-e89b-42d3-a456-556642440068',{ts '2022-08-13 9:23:18.000'},'123e4567-e89b-42d3-a456-556642410003','123e4567-e89b-42d3-a456-556642420007','123e4567-e89b-42d3-a456-556642422223','123e4567-e89b-42d3-a456-556642430009','role added'),
('123e4567-e89b-42d3-a456-556642440069',{ts '2022-08-21 14:14:31.000'},'123e4567-e89b-42d3-a456-556642410003','123e4567-e89b-42d3-a456-556642420007','123e4567-e89b-42d3-a456-556642422224','123e4567-e89b-42d3-a456-556642430010','role added'),
('123e4567-e89b-42d3-a456-556642440070',{ts '2022-10-23 14:12:51.000'},'123e4567-e89b-42d3-a456-556642410003','123e4567-e89b-42d3-a456-556642420007','123e4567-e89b-42d3-a456-556642422222','123e4567-e89b-42d3-a456-556642430011','role added'),
('123e4567-e89b-42d3-a456-556642440071',{ts '2022-09-23 8:43:47.000'},'123e4567-e89b-42d3-a456-556642410003','123e4567-e89b-42d3-a456-556642420007','123e4567-e89b-42d3-a456-556642422223','123e4567-e89b-42d3-a456-556642430012','role added'),
('123e4567-e89b-42d3-a456-556642440072',{ts '2022-09-01 12:32:46.000'},'123e4567-e89b-42d3-a456-556642410003','123e4567-e89b-42d3-a456-556642420007','123e4567-e89b-42d3-a456-556642422224','123e4567-e89b-42d3-a456-556642430013','role added'),
('123e4567-e89b-42d3-a456-556642440073',{ts '2022-10-24 10:51:57.000'},'123e4567-e89b-42d3-a456-556642410003','123e4567-e89b-42d3-a456-556642420007','123e4567-e89b-42d3-a456-556642422222','123e4567-e89b-42d3-a456-556642430014','role added'),
('123e4567-e89b-42d3-a456-556642440074',{ts '2022-11-09 8:59:12.000'},'123e4567-e89b-42d3-a456-556642410003','123e4567-e89b-42d3-a456-556642420008','123e4567-e89b-42d3-a456-556642422223','123e4567-e89b-42d3-a456-556642430015','role added'),
('123e4567-e89b-42d3-a456-556642440075',{ts '2022-09-15 7:16:39.000'},'123e4567-e89b-42d3-a456-556642410003','123e4567-e89b-42d3-a456-556642420008','123e4567-e89b-42d3-a456-556642422224','123e4567-e89b-42d3-a456-556642430016','role added'),
('123e4567-e89b-42d3-a456-556642440076',{ts '2022-08-06 1:08:13.000'},'123e4567-e89b-42d3-a456-556642410003','123e4567-e89b-42d3-a456-556642420008','123e4567-e89b-42d3-a456-556642422222','123e4567-e89b-42d3-a456-556642430017','role added'),
('123e4567-e89b-42d3-a456-556642440077',{ts '2022-11-20 12:36:45.000'},'123e4567-e89b-42d3-a456-556642410003','123e4567-e89b-42d3-a456-556642420008','123e4567-e89b-42d3-a456-556642422223','123e4567-e89b-42d3-a456-556642430018','role added');

-- ZDARZENIA BRAKUJACE W ZAMOWIENIACH
-- zdarzenie ID','EVENT_DATE',',APPLICATION_ID',',APPLICATION_ROLE_ID,','INFORMATION_SECURITY_ADMINISTRATOR_ID,','SUBJECT_USER_ID,','ADDITIONAL_DETAILS),'),
-- ('123e4567-e89b-42d3-a456-556642440005',{ts '2022-09-10 2:35:41.000'},'123e4567-e89b-42d3-a456-556642410001','123e4567-e89b-42d3-a456-556642420001','123e4567-e89b-42d3-a456-556642422223','123e4567-e89b-42d3-a456-556642430006','role added'),
-- ('123e4567-e89b-42d3-a456-556642440006',{ts '2022-09-27 3:01:05.000'},'123e4567-e89b-42d3-a456-556642410001','123e4567-e89b-42d3-a456-556642420001','123e4567-e89b-42d3-a456-556642422224','123e4567-e89b-42d3-a456-556642430007','role added'),
-- ('123e4567-e89b-42d3-a456-556642440054',{ts '2022-08-18 13:45:59.000'},'123e4567-e89b-42d3-a456-556642410003','123e4567-e89b-42d3-a456-556642420007','123e4567-e89b-42d3-a456-556642422224','123e4567-e89b-42d3-a456-556642430025','role added'),
-- ('123e4567-e89b-42d3-a456-556642440070',{ts '2022-10-23 14:12:51.000'},'123e4567-e89b-42d3-a456-556642410003','123e4567-e89b-42d3-a456-556642420007','123e4567-e89b-42d3-a456-556642422222','123e4567-e89b-42d3-a456-556642430011','role added'),
-- ('123e4567-e89b-42d3-a456-556642440020',{ts '2022-11-06 0:56:10.000'},'123e4567-e89b-42d3-a456-556642410001','123e4567-e89b-42d3-a456-556642420004','123e4567-e89b-42d3-a456-556642422223','123e4567-e89b-42d3-a456-556642430021','role added'),
-- ('123e4567-e89b-42d3-a456-556642440047',{ts '2022-09-11 7:21:38.000'},'123e4567-e89b-42d3-a456-556642410002','123e4567-e89b-42d3-a456-556642420006','123e4567-e89b-42d3-a456-556642422223','123e4567-e89b-42d3-a456-556642430018','role added'),


INSERT INTO
    PERMISSIONS_REQUEST(ID,EVENT_DATE,APPLICATION_ID,APPLICATION_ROLE_ID,INFORMATION_SECURITY_ADMINISTRATOR_ID,SUBJECT_USER_ID,REQUEST_NUMBER,STATUS,APPROVER_USER_ID)
VALUES
    ('123e4567-e89b-42d3-a456-556642450001',{ts '2022-10-18 0:00:03.000'},'123e4567-e89b-42d3-a456-556642410001','123e4567-e89b-42d3-a456-556642420001','123e4567-e89b-42d3-a456-556642422222','123e4567-e89b-42d3-a456-556642430002','RQ0001','COMPLETED','123e4567-e89b-42d3-a456-556642430020'),
    ('123e4567-e89b-42d3-a456-556642450002',{ts '2022-08-23 14:44:20.000'},'123e4567-e89b-42d3-a456-556642410001','123e4567-e89b-42d3-a456-556642420001','123e4567-e89b-42d3-a456-556642422223','123e4567-e89b-42d3-a456-556642430003','RQ0002','COMPLETED','123e4567-e89b-42d3-a456-556642430020'),
    ('123e4567-e89b-42d3-a456-556642450003',{ts '2022-08-01 11:38:06.000'},'123e4567-e89b-42d3-a456-556642410001','123e4567-e89b-42d3-a456-556642420001','123e4567-e89b-42d3-a456-556642422224','123e4567-e89b-42d3-a456-556642430004','RQ0003','COMPLETED','123e4567-e89b-42d3-a456-556642430020'),
    ('123e4567-e89b-42d3-a456-556642450004',{ts '2022-09-11 10:15:19.000'},'123e4567-e89b-42d3-a456-556642410001','123e4567-e89b-42d3-a456-556642420001','123e4567-e89b-42d3-a456-556642422222','123e4567-e89b-42d3-a456-556642430005','RQ0004','COMPLETED','123e4567-e89b-42d3-a456-556642430020'),
    ('123e4567-e89b-42d3-a456-556642450007',{ts '2022-10-06 8:47:23.000'},'123e4567-e89b-42d3-a456-556642410001','123e4567-e89b-42d3-a456-556642420001','123e4567-e89b-42d3-a456-556642422222','123e4567-e89b-42d3-a456-556642430008','RQ0005','COMPLETED','123e4567-e89b-42d3-a456-556642430020'),
    ('123e4567-e89b-42d3-a456-556642450008',{ts '2022-11-02 23:16:22.000'},'123e4567-e89b-42d3-a456-556642410001','123e4567-e89b-42d3-a456-556642420001','123e4567-e89b-42d3-a456-556642422223','123e4567-e89b-42d3-a456-556642430009','RQ0006','COMPLETED','123e4567-e89b-42d3-a456-556642430020'),
    ('123e4567-e89b-42d3-a456-556642450009',{ts '2022-11-16 17:41:09.000'},'123e4567-e89b-42d3-a456-556642410001','123e4567-e89b-42d3-a456-556642420001','123e4567-e89b-42d3-a456-556642422224','123e4567-e89b-42d3-a456-556642430010','RQ0007','COMPLETED','123e4567-e89b-42d3-a456-556642430020'),
    ('123e4567-e89b-42d3-a456-556642450010',{ts '2022-11-26 11:00:34.000'},'123e4567-e89b-42d3-a456-556642410001','123e4567-e89b-42d3-a456-556642420001','123e4567-e89b-42d3-a456-556642422222','123e4567-e89b-42d3-a456-556642430011','RQ0008','COMPLETED','123e4567-e89b-42d3-a456-556642430020'),
    ('123e4567-e89b-42d3-a456-556642450011',{ts '2022-08-09 11:01:32.000'},'123e4567-e89b-42d3-a456-556642410001','123e4567-e89b-42d3-a456-556642420001','123e4567-e89b-42d3-a456-556642422223','123e4567-e89b-42d3-a456-556642430012','RQ0009','COMPLETED','123e4567-e89b-42d3-a456-556642430020'),
    ('123e4567-e89b-42d3-a456-556642450012',{ts '2022-10-23 22:59:04.000'},'123e4567-e89b-42d3-a456-556642410001','123e4567-e89b-42d3-a456-556642420001','123e4567-e89b-42d3-a456-556642422224','123e4567-e89b-42d3-a456-556642430013','RQ0010','COMPLETED','123e4567-e89b-42d3-a456-556642430020'),
    ('123e4567-e89b-42d3-a456-556642450013',{ts '2022-09-09 22:56:28.000'},'123e4567-e89b-42d3-a456-556642410001','123e4567-e89b-42d3-a456-556642420001','123e4567-e89b-42d3-a456-556642422222','123e4567-e89b-42d3-a456-556642430014','RQ0011','COMPLETED','123e4567-e89b-42d3-a456-556642430020'),
    ('123e4567-e89b-42d3-a456-556642450014',{ts '2022-08-02 19:17:37.000'},'123e4567-e89b-42d3-a456-556642410001','123e4567-e89b-42d3-a456-556642420001','123e4567-e89b-42d3-a456-556642422223','123e4567-e89b-42d3-a456-556642430015','RQ0012','COMPLETED','123e4567-e89b-42d3-a456-556642430020'),
    ('123e4567-e89b-42d3-a456-556642450015',{ts '2022-09-05 20:46:11.000'},'123e4567-e89b-42d3-a456-556642410001','123e4567-e89b-42d3-a456-556642420001','123e4567-e89b-42d3-a456-556642422224','123e4567-e89b-42d3-a456-556642430016','RQ0013','COMPLETED','123e4567-e89b-42d3-a456-556642430020'),
    ('123e4567-e89b-42d3-a456-556642450016',{ts '2022-11-22 7:48:48.000'},'123e4567-e89b-42d3-a456-556642410001','123e4567-e89b-42d3-a456-556642420002','123e4567-e89b-42d3-a456-556642422222','123e4567-e89b-42d3-a456-556642430017','RQ0014','COMPLETED','123e4567-e89b-42d3-a456-556642430020'),
    ('123e4567-e89b-42d3-a456-556642450017',{ts '2022-08-04 14:16:37.000'},'123e4567-e89b-42d3-a456-556642410001','123e4567-e89b-42d3-a456-556642420002','123e4567-e89b-42d3-a456-556642422223','123e4567-e89b-42d3-a456-556642430018','RQ0015','COMPLETED','123e4567-e89b-42d3-a456-556642430020'),
    ('123e4567-e89b-42d3-a456-556642450018',{ts '2022-09-30 15:34:25.000'},'123e4567-e89b-42d3-a456-556642410001','123e4567-e89b-42d3-a456-556642420002','123e4567-e89b-42d3-a456-556642422224','123e4567-e89b-42d3-a456-556642430019','RQ0016','COMPLETED','123e4567-e89b-42d3-a456-556642430020'),
    ('123e4567-e89b-42d3-a456-556642450019',{ts '2022-08-04 20:12:58.000'},'123e4567-e89b-42d3-a456-556642410001','123e4567-e89b-42d3-a456-556642420004','123e4567-e89b-42d3-a456-556642422222','123e4567-e89b-42d3-a456-556642430020','RQ0017','COMPLETED','123e4567-e89b-42d3-a456-556642430019'),
    ('123e4567-e89b-42d3-a456-556642450021',{ts '2022-09-20 21:41:12.000'},'123e4567-e89b-42d3-a456-556642410001','123e4567-e89b-42d3-a456-556642420004','123e4567-e89b-42d3-a456-556642422224','123e4567-e89b-42d3-a456-556642430022','RQ0018','COMPLETED','123e4567-e89b-42d3-a456-556642430019'),
    ('123e4567-e89b-42d3-a456-556642450022',{ts '2022-08-14 4:23:03.000'},'123e4567-e89b-42d3-a456-556642410001','123e4567-e89b-42d3-a456-556642420004','123e4567-e89b-42d3-a456-556642422222','123e4567-e89b-42d3-a456-556642430023','RQ0019','COMPLETED','123e4567-e89b-42d3-a456-556642430019'),
    ('123e4567-e89b-42d3-a456-556642450023',{ts '2022-09-23 15:44:11.000'},'123e4567-e89b-42d3-a456-556642410001','123e4567-e89b-42d3-a456-556642420003','123e4567-e89b-42d3-a456-556642422223','123e4567-e89b-42d3-a456-556642430024','RQ0020','COMPLETED','123e4567-e89b-42d3-a456-556642430019'),
    ('123e4567-e89b-42d3-a456-556642450024',{ts '2022-09-03 1:07:52.000'},'123e4567-e89b-42d3-a456-556642410001','123e4567-e89b-42d3-a456-556642420003','123e4567-e89b-42d3-a456-556642422224','123e4567-e89b-42d3-a456-556642430025','RQ0021','COMPLETED','123e4567-e89b-42d3-a456-556642430019'),
    ('123e4567-e89b-42d3-a456-556642450025',{ts '2022-09-29 3:28:18.000'},'123e4567-e89b-42d3-a456-556642410002','123e4567-e89b-42d3-a456-556642420005','123e4567-e89b-42d3-a456-556642422222','123e4567-e89b-42d3-a456-556642430026','RQ0022','COMPLETED','123e4567-e89b-42d3-a456-556642430019'),
    ('123e4567-e89b-42d3-a456-556642450026',{ts '2022-09-09 15:23:40.000'},'123e4567-e89b-42d3-a456-556642410002','123e4567-e89b-42d3-a456-556642420005','123e4567-e89b-42d3-a456-556642422223','123e4567-e89b-42d3-a456-556642430027','RQ0023','COMPLETED','123e4567-e89b-42d3-a456-556642430019'),
    ('123e4567-e89b-42d3-a456-556642450027',{ts '2022-11-04 19:39:36.000'},'123e4567-e89b-42d3-a456-556642410002','123e4567-e89b-42d3-a456-556642420005','123e4567-e89b-42d3-a456-556642422224','123e4567-e89b-42d3-a456-556642430028','RQ0024','COMPLETED','123e4567-e89b-42d3-a456-556642430019'),
    ('123e4567-e89b-42d3-a456-556642450028',{ts '2022-11-19 5:26:32.000'},'123e4567-e89b-42d3-a456-556642410002','123e4567-e89b-42d3-a456-556642420005','123e4567-e89b-42d3-a456-556642422222','123e4567-e89b-42d3-a456-556642430029','RQ0025','COMPLETED','123e4567-e89b-42d3-a456-556642430019'),
    ('123e4567-e89b-42d3-a456-556642450029',{ts '2022-09-21 7:28:08.000'},'123e4567-e89b-42d3-a456-556642410002','123e4567-e89b-42d3-a456-556642420005','123e4567-e89b-42d3-a456-556642422223','123e4567-e89b-42d3-a456-556642430030','RQ0026','COMPLETED','123e4567-e89b-42d3-a456-556642430019'),
    ('123e4567-e89b-42d3-a456-556642450030',{ts '2022-10-26 16:16:25.000'},'123e4567-e89b-42d3-a456-556642410002','123e4567-e89b-42d3-a456-556642420005','123e4567-e89b-42d3-a456-556642422224','123e4567-e89b-42d3-a456-556642430031','RQ0027','COMPLETED','123e4567-e89b-42d3-a456-556642430019'),
    ('123e4567-e89b-42d3-a456-556642450031',{ts '2022-10-04 15:24:53.000'},'123e4567-e89b-42d3-a456-556642410002','123e4567-e89b-42d3-a456-556642420005','123e4567-e89b-42d3-a456-556642422222','123e4567-e89b-42d3-a456-556642430002','RQ0028','COMPLETED','123e4567-e89b-42d3-a456-556642430019'),
    ('123e4567-e89b-42d3-a456-556642450032',{ts '2022-08-06 9:58:39.000'},'123e4567-e89b-42d3-a456-556642410002','123e4567-e89b-42d3-a456-556642420005','123e4567-e89b-42d3-a456-556642422223','123e4567-e89b-42d3-a456-556642430003','RQ0029','COMPLETED','123e4567-e89b-42d3-a456-556642430019'),
    ('123e4567-e89b-42d3-a456-556642450033',{ts '2022-08-18 20:19:10.000'},'123e4567-e89b-42d3-a456-556642410002','123e4567-e89b-42d3-a456-556642420005','123e4567-e89b-42d3-a456-556642422224','123e4567-e89b-42d3-a456-556642430004','RQ0030','COMPLETED','123e4567-e89b-42d3-a456-556642430019'),
    ('123e4567-e89b-42d3-a456-556642450034',{ts '2022-08-18 18:07:13.000'},'123e4567-e89b-42d3-a456-556642410002','123e4567-e89b-42d3-a456-556642420005','123e4567-e89b-42d3-a456-556642422222','123e4567-e89b-42d3-a456-556642430005','RQ0031','COMPLETED','123e4567-e89b-42d3-a456-556642430019'),
    ('123e4567-e89b-42d3-a456-556642450035',{ts '2022-08-11 6:24:34.000'},'123e4567-e89b-42d3-a456-556642410002','123e4567-e89b-42d3-a456-556642420005','123e4567-e89b-42d3-a456-556642422223','123e4567-e89b-42d3-a456-556642430006','RQ0032','COMPLETED','123e4567-e89b-42d3-a456-556642430019'),
    ('123e4567-e89b-42d3-a456-556642450036',{ts '2022-11-14 12:25:24.000'},'123e4567-e89b-42d3-a456-556642410002','123e4567-e89b-42d3-a456-556642420005','123e4567-e89b-42d3-a456-556642422224','123e4567-e89b-42d3-a456-556642430007','RQ0033','COMPLETED','123e4567-e89b-42d3-a456-556642430019'),
    ('123e4567-e89b-42d3-a456-556642450037',{ts '2022-10-17 6:17:07.000'},'123e4567-e89b-42d3-a456-556642410002','123e4567-e89b-42d3-a456-556642420005','123e4567-e89b-42d3-a456-556642422222','123e4567-e89b-42d3-a456-556642430008','RQ0034','COMPLETED','123e4567-e89b-42d3-a456-556642430018'),
    ('123e4567-e89b-42d3-a456-556642450038',{ts '2022-10-03 23:35:58.000'},'123e4567-e89b-42d3-a456-556642410002','123e4567-e89b-42d3-a456-556642420005','123e4567-e89b-42d3-a456-556642422223','123e4567-e89b-42d3-a456-556642430009','RQ0035','COMPLETED','123e4567-e89b-42d3-a456-556642430018'),
    ('123e4567-e89b-42d3-a456-556642450039',{ts '2022-09-30 4:22:10.000'},'123e4567-e89b-42d3-a456-556642410002','123e4567-e89b-42d3-a456-556642420006','123e4567-e89b-42d3-a456-556642422224','123e4567-e89b-42d3-a456-556642430010','RQ0036','COMPLETED','123e4567-e89b-42d3-a456-556642430018'),
    ('123e4567-e89b-42d3-a456-556642450040',{ts '2022-11-02 14:21:59.000'},'123e4567-e89b-42d3-a456-556642410002','123e4567-e89b-42d3-a456-556642420006','123e4567-e89b-42d3-a456-556642422222','123e4567-e89b-42d3-a456-556642430011','RQ0037','COMPLETED','123e4567-e89b-42d3-a456-556642430018'),
    ('123e4567-e89b-42d3-a456-556642450041',{ts '2022-11-10 6:35:25.000'},'123e4567-e89b-42d3-a456-556642410002','123e4567-e89b-42d3-a456-556642420006','123e4567-e89b-42d3-a456-556642422223','123e4567-e89b-42d3-a456-556642430012','RQ0038','COMPLETED','123e4567-e89b-42d3-a456-556642430018'),
    ('123e4567-e89b-42d3-a456-556642450042',{ts '2022-10-24 6:29:51.000'},'123e4567-e89b-42d3-a456-556642410002','123e4567-e89b-42d3-a456-556642420006','123e4567-e89b-42d3-a456-556642422224','123e4567-e89b-42d3-a456-556642430013','RQ0039','COMPLETED','123e4567-e89b-42d3-a456-556642430018'),
    ('123e4567-e89b-42d3-a456-556642450043',{ts '2022-10-03 16:41:20.000'},'123e4567-e89b-42d3-a456-556642410002','123e4567-e89b-42d3-a456-556642420006','123e4567-e89b-42d3-a456-556642422222','123e4567-e89b-42d3-a456-556642430014','RQ0040','COMPLETED','123e4567-e89b-42d3-a456-556642430018'),
    ('123e4567-e89b-42d3-a456-556642450044',{ts '2022-11-03 11:04:05.000'},'123e4567-e89b-42d3-a456-556642410002','123e4567-e89b-42d3-a456-556642420006','123e4567-e89b-42d3-a456-556642422223','123e4567-e89b-42d3-a456-556642430015','RQ0041','COMPLETED','123e4567-e89b-42d3-a456-556642430018'),
    ('123e4567-e89b-42d3-a456-556642450045',{ts '2022-08-19 4:49:30.000'},'123e4567-e89b-42d3-a456-556642410002','123e4567-e89b-42d3-a456-556642420006','123e4567-e89b-42d3-a456-556642422224','123e4567-e89b-42d3-a456-556642430016','RQ0042','COMPLETED','123e4567-e89b-42d3-a456-556642430018'),
    ('123e4567-e89b-42d3-a456-556642450046',{ts '2022-09-29 0:41:27.000'},'123e4567-e89b-42d3-a456-556642410002','123e4567-e89b-42d3-a456-556642420006','123e4567-e89b-42d3-a456-556642422222','123e4567-e89b-42d3-a456-556642430017','RQ0043','COMPLETED','123e4567-e89b-42d3-a456-556642430018'),
    ('123e4567-e89b-42d3-a456-556642450048',{ts '2022-11-04 13:02:44.000'},'123e4567-e89b-42d3-a456-556642410002','123e4567-e89b-42d3-a456-556642420006','123e4567-e89b-42d3-a456-556642422224','123e4567-e89b-42d3-a456-556642430019','RQ0044','COMPLETED','123e4567-e89b-42d3-a456-556642430021'),
    ('123e4567-e89b-42d3-a456-556642450049',{ts '2022-10-04 18:51:17.000'},'123e4567-e89b-42d3-a456-556642410002','123e4567-e89b-42d3-a456-556642420006','123e4567-e89b-42d3-a456-556642422222','123e4567-e89b-42d3-a456-556642430020','RQ0045','COMPLETED','123e4567-e89b-42d3-a456-556642430021'),
    ('123e4567-e89b-42d3-a456-556642450050',{ts '2022-09-15 1:57:47.000'},'123e4567-e89b-42d3-a456-556642410002','123e4567-e89b-42d3-a456-556642420006','123e4567-e89b-42d3-a456-556642422223','123e4567-e89b-42d3-a456-556642430021','RQ0046','COMPLETED','123e4567-e89b-42d3-a456-556642430010'),
    ('123e4567-e89b-42d3-a456-556642450051',{ts '2022-08-16 3:14:40.000'},'123e4567-e89b-42d3-a456-556642410002','123e4567-e89b-42d3-a456-556642420006','123e4567-e89b-42d3-a456-556642422224','123e4567-e89b-42d3-a456-556642430022','RQ0047','COMPLETED','123e4567-e89b-42d3-a456-556642430021'),
    ('123e4567-e89b-42d3-a456-556642450052',{ts '2022-10-28 6:21:22.000'},'123e4567-e89b-42d3-a456-556642410002','123e4567-e89b-42d3-a456-556642420006','123e4567-e89b-42d3-a456-556642422222','123e4567-e89b-42d3-a456-556642430023','RQ0048','COMPLETED','123e4567-e89b-42d3-a456-556642430021'),
    ('123e4567-e89b-42d3-a456-556642450053',{ts '2022-08-12 9:28:13.000'},'123e4567-e89b-42d3-a456-556642410003','123e4567-e89b-42d3-a456-556642420007','123e4567-e89b-42d3-a456-556642422223','123e4567-e89b-42d3-a456-556642430024','RQ0049','COMPLETED','123e4567-e89b-42d3-a456-556642430021'),
    ('123e4567-e89b-42d3-a456-556642450055',{ts '2022-11-01 15:05:10.000'},'123e4567-e89b-42d3-a456-556642410003','123e4567-e89b-42d3-a456-556642420007','123e4567-e89b-42d3-a456-556642422222','123e4567-e89b-42d3-a456-556642430026','RQ0050','COMPLETED','123e4567-e89b-42d3-a456-556642430021'),
    ('123e4567-e89b-42d3-a456-556642450056',{ts '2022-11-14 13:00:09.000'},'123e4567-e89b-42d3-a456-556642410003','123e4567-e89b-42d3-a456-556642420007','123e4567-e89b-42d3-a456-556642422223','123e4567-e89b-42d3-a456-556642430027','RQ0051','COMPLETED','123e4567-e89b-42d3-a456-556642430021'),
    ('123e4567-e89b-42d3-a456-556642450057',{ts '2022-10-24 7:34:47.000'},'123e4567-e89b-42d3-a456-556642410003','123e4567-e89b-42d3-a456-556642420007','123e4567-e89b-42d3-a456-556642422224','123e4567-e89b-42d3-a456-556642430028','RQ0052','COMPLETED','123e4567-e89b-42d3-a456-556642430021'),
    ('123e4567-e89b-42d3-a456-556642450058',{ts '2022-09-09 7:02:20.000'},'123e4567-e89b-42d3-a456-556642410003','123e4567-e89b-42d3-a456-556642420007','123e4567-e89b-42d3-a456-556642422222','123e4567-e89b-42d3-a456-556642430029','RQ0053','COMPLETED','123e4567-e89b-42d3-a456-556642430021'),
    ('123e4567-e89b-42d3-a456-556642450059',{ts '2022-10-22 16:32:41.000'},'123e4567-e89b-42d3-a456-556642410003','123e4567-e89b-42d3-a456-556642420007','123e4567-e89b-42d3-a456-556642422223','123e4567-e89b-42d3-a456-556642430030','RQ0054','COMPLETED','123e4567-e89b-42d3-a456-556642430021'),
    ('123e4567-e89b-42d3-a456-556642450060',{ts '2022-11-04 0:26:40.000'},'123e4567-e89b-42d3-a456-556642410003','123e4567-e89b-42d3-a456-556642420007','123e4567-e89b-42d3-a456-556642422224','123e4567-e89b-42d3-a456-556642430031','RQ0055','COMPLETED','123e4567-e89b-42d3-a456-556642430021'),
    ('123e4567-e89b-42d3-a456-556642450061',{ts '2022-09-09 14:24:53.000'},'123e4567-e89b-42d3-a456-556642410003','123e4567-e89b-42d3-a456-556642420007','123e4567-e89b-42d3-a456-556642422222','123e4567-e89b-42d3-a456-556642430002','RQ0056','COMPLETED','123e4567-e89b-42d3-a456-556642430021'),
    ('123e4567-e89b-42d3-a456-556642450062',{ts '2022-11-26 1:20:35.000'},'123e4567-e89b-42d3-a456-556642410003','123e4567-e89b-42d3-a456-556642420007','123e4567-e89b-42d3-a456-556642422223','123e4567-e89b-42d3-a456-556642430003','RQ0057','COMPLETED','123e4567-e89b-42d3-a456-556642430021'),
    ('123e4567-e89b-42d3-a456-556642450063',{ts '2022-08-20 0:43:14.000'},'123e4567-e89b-42d3-a456-556642410003','123e4567-e89b-42d3-a456-556642420007','123e4567-e89b-42d3-a456-556642422224','123e4567-e89b-42d3-a456-556642430004','RQ0058','COMPLETED','123e4567-e89b-42d3-a456-556642430021'),
    ('123e4567-e89b-42d3-a456-556642450064',{ts '2022-08-26 10:07:55.000'},'123e4567-e89b-42d3-a456-556642410003','123e4567-e89b-42d3-a456-556642420007','123e4567-e89b-42d3-a456-556642422222','123e4567-e89b-42d3-a456-556642430005','RQ0059','COMPLETED','123e4567-e89b-42d3-a456-556642430021'),
    ('123e4567-e89b-42d3-a456-556642450065',{ts '2022-08-22 17:53:55.000'},'123e4567-e89b-42d3-a456-556642410003','123e4567-e89b-42d3-a456-556642420007','123e4567-e89b-42d3-a456-556642422223','123e4567-e89b-42d3-a456-556642430006','RQ0060','COMPLETED','123e4567-e89b-42d3-a456-556642430021'),
    ('123e4567-e89b-42d3-a456-556642450066',{ts '2022-09-30 6:17:25.000'},'123e4567-e89b-42d3-a456-556642410003','123e4567-e89b-42d3-a456-556642420007','123e4567-e89b-42d3-a456-556642422224','123e4567-e89b-42d3-a456-556642430007','RQ0061','COMPLETED','123e4567-e89b-42d3-a456-556642430021'),
    ('123e4567-e89b-42d3-a456-556642450067',{ts '2022-10-29 4:59:07.000'},'123e4567-e89b-42d3-a456-556642410003','123e4567-e89b-42d3-a456-556642420007','123e4567-e89b-42d3-a456-556642422222','123e4567-e89b-42d3-a456-556642430008','RQ0062','COMPLETED','123e4567-e89b-42d3-a456-556642430021'),
    ('123e4567-e89b-42d3-a456-556642450068',{ts '2022-08-13 9:23:18.000'},'123e4567-e89b-42d3-a456-556642410003','123e4567-e89b-42d3-a456-556642420007','123e4567-e89b-42d3-a456-556642422223','123e4567-e89b-42d3-a456-556642430009','RQ0063','COMPLETED','123e4567-e89b-42d3-a456-556642430021'),
    ('123e4567-e89b-42d3-a456-556642450069',{ts '2022-08-21 14:14:31.000'},'123e4567-e89b-42d3-a456-556642410003','123e4567-e89b-42d3-a456-556642420007','123e4567-e89b-42d3-a456-556642422224','123e4567-e89b-42d3-a456-556642430010','RQ0064','COMPLETED','123e4567-e89b-42d3-a456-556642430021'),
    ('123e4567-e89b-42d3-a456-556642450071',{ts '2022-09-23 8:43:47.000'},'123e4567-e89b-42d3-a456-556642410003','123e4567-e89b-42d3-a456-556642420007','123e4567-e89b-42d3-a456-556642422223','123e4567-e89b-42d3-a456-556642430012','RQ0065','COMPLETED','123e4567-e89b-42d3-a456-556642430010'),
    ('123e4567-e89b-42d3-a456-556642450072',{ts '2022-09-01 12:32:46.000'},'123e4567-e89b-42d3-a456-556642410003','123e4567-e89b-42d3-a456-556642420007','123e4567-e89b-42d3-a456-556642422224','123e4567-e89b-42d3-a456-556642430013','RQ0066','COMPLETED','123e4567-e89b-42d3-a456-556642430010'),
    ('123e4567-e89b-42d3-a456-556642450073',{ts '2022-10-24 10:51:57.000'},'123e4567-e89b-42d3-a456-556642410003','123e4567-e89b-42d3-a456-556642420007','123e4567-e89b-42d3-a456-556642422222','123e4567-e89b-42d3-a456-556642430014','RQ0067','COMPLETED','123e4567-e89b-42d3-a456-556642430010'),
    ('123e4567-e89b-42d3-a456-556642450074',{ts '2022-11-09 8:59:12.000'},'123e4567-e89b-42d3-a456-556642410003','123e4567-e89b-42d3-a456-556642420008','123e4567-e89b-42d3-a456-556642422223','123e4567-e89b-42d3-a456-556642430015','RQ0068','COMPLETED','123e4567-e89b-42d3-a456-556642430010'),
    ('123e4567-e89b-42d3-a456-556642450075',{ts '2022-09-15 7:16:39.000'},'123e4567-e89b-42d3-a456-556642410003','123e4567-e89b-42d3-a456-556642420008','123e4567-e89b-42d3-a456-556642422224','123e4567-e89b-42d3-a456-556642430016','RQ0069','COMPLETED','123e4567-e89b-42d3-a456-556642430010'),
    ('123e4567-e89b-42d3-a456-556642450076',{ts '2022-08-06 1:08:13.000'},'123e4567-e89b-42d3-a456-556642410003','123e4567-e89b-42d3-a456-556642420008','123e4567-e89b-42d3-a456-556642422222','123e4567-e89b-42d3-a456-556642430017','RQ0070','COMPLETED','123e4567-e89b-42d3-a456-556642430010'),
    ('123e4567-e89b-42d3-a456-556642450077',{ts '2022-11-20 12:36:45.000'},'123e4567-e89b-42d3-a456-556642410003','123e4567-e89b-42d3-a456-556642420008','123e4567-e89b-42d3-a456-556642422223','123e4567-e89b-42d3-a456-556642430018','RQ0071','COMPLETED','123e4567-e89b-42d3-a456-556642430010');

INSERT INTO
    APPLICATION_REVIEWERS(APPLICATION_ID,REVIEWERS_ID)
VALUES
    ('123e4567-e89b-42d3-a456-556642410001','123e4567-e89b-42d3-a456-556642422225'),
    ('123e4567-e89b-42d3-a456-556642410001','123e4567-e89b-42d3-a456-556642422226'),
    ('123e4567-e89b-42d3-a456-556642410002','123e4567-e89b-42d3-a456-556642422225'),
    ('123e4567-e89b-42d3-a456-556642410003','123e4567-e89b-42d3-a456-556642422226'),
    ('123e4567-e89b-42d3-a456-556642410003','123e4567-e89b-42d3-a456-556642422225');

INSERT INTO
    RECONCILIATION(ID,START_DATE, STATUS, JUSTIFICATION_ID, PERMISSIONS_REQUEST_ID)
VALUES
    ('123e4567-e89b-42d3-a456-556642460001',{ts '2022-12-20 12:36:45.000'},'REQUESTED',NULL,'123e4567-e89b-42d3-a456-556642450001'),
    ('123e4567-e89b-42d3-a456-556642460002',{ts '2022-12-19 12:36:45.000'},'JUSTIFIFICATION REQUIRED',NULL,NULL),
    ('123e4567-e89b-42d3-a456-556642460003',{ts '2022-12-18 12:36:45.000'},'JUSTIFIFICATION REQUIRED',NULL,NULL),
    ('123e4567-e89b-42d3-a456-556642460004',{ts '2022-12-17 12:36:45.000'},'JUSTIFIFICATION REQUIRED',NULL,NULL);

UPDATE
    PERMISSIONS_CHANGE
SET RECONCILIATION_ID = '123e4567-e89b-42d3-a456-556642460001'
WHERE ID IN
      ('123e4567-e89b-42d3-a456-556642440001','123e4567-e89b-42d3-a456-556642440002','123e4567-e89b-42d3-a456-556642440003');

UPDATE
    PERMISSIONS_CHANGE
SET RECONCILIATION_ID = '123e4567-e89b-42d3-a456-556642460002'
WHERE ID IN
      ('123e4567-e89b-42d3-a456-556642440014');

UPDATE
    PERMISSIONS_CHANGE
SET RECONCILIATION_ID = '123e4567-e89b-42d3-a456-556642460003'
WHERE ID IN
      ('123e4567-e89b-42d3-a456-556642440016', '123e4567-e89b-42d3-a456-556642440019');

UPDATE
    PERMISSIONS_CHANGE
SET RECONCILIATION_ID = '123e4567-e89b-42d3-a456-556642460004'
WHERE ID IN
      ('123e4567-e89b-42d3-a456-556642440031', '123e4567-e89b-42d3-a456-556642440037');

INSERT INTO
    JUSTIFICATION(ID, CREATED_DATE, MODIFIED_DATE , CURENT_STATUS, ASSIGNEDISA_ID, ASSIGNED_REVIEWER_ID, RECONCILIATION_ID, LAST_COMMENT)
VALUES
    ('123e4567-e89b-42d3-a456-556642470001',{ts '2022-12-20 11:36:45.000'},{ts '2022-12-20 11:36:45.000'},'PENDING_ADMIN','123e4567-e89b-42d3-a456-556642422223','123e4567-e89b-42d3-a456-556642422221','123e4567-e89b-42d3-a456-556642460002','NIE ZNALEZIONO PASUJCYCH ZAMWIE'),
    ('123e4567-e89b-42d3-a456-556642470002',{ts '2022-12-21 12:36:45.000'},{ts '2022-12-21 12:36:45.000'},'PENDING_ADMIN','123e4567-e89b-42d3-a456-556642422222','123e4567-e89b-42d3-a456-556642422221','123e4567-e89b-42d3-a456-556642460003','NIE ZNALEZIONO PASUJCYCH ZAMWIE'),
    ('123e4567-e89b-42d3-a456-556642470003',{ts '2022-12-22 13:36:45.000'},{ts '2022-12-22 13:36:45.000'},'PENDING_ADMIN','123e4567-e89b-42d3-a456-556642422222','123e4567-e89b-42d3-a456-556642422221','123e4567-e89b-42d3-a456-556642460004','NIE ZNALEZIONO PASUJCYCH ZAMWIE');

UPDATE
    RECONCILIATION
SET JUSTIFICATION_ID = '123e4567-e89b-42d3-a456-556642470001'
WHERE ID = '123e4567-e89b-42d3-a456-556642460002';

UPDATE
    RECONCILIATION
SET JUSTIFICATION_ID = '123e4567-e89b-42d3-a456-556642470002'
WHERE ID = '123e4567-e89b-42d3-a456-556642460003';

UPDATE
    RECONCILIATION
SET JUSTIFICATION_ID = '123e4567-e89b-42d3-a456-556642470003'
WHERE ID = '123e4567-e89b-42d3-a456-556642460004';





